Signature,Gene
PARPi7,BRCA1
PARPi7,MRE11
PARPi7,NBN
PARPi7,TDG
PARPi7,XPA
PARPi7,CHEK2
PARPi7,MAPKAPK2
CIN70,TPX2
CIN70,PRC1
CIN70,FOXM1
CIN70,CDK1
CIN70,TGIF2
CIN70,MCM2
CIN70,H2AZ1
CIN70,TOP2A
CIN70,PCNA
CIN70,UBE2C
CIN70,MELK
CIN70,TRIP13
CIN70,CEP250
CIN70,MCM7
CIN70,RNASEH2A
CIN70,RAD51AP1
CIN70,KIF20A
CIN70,CDC45
CIN70,MAD2L1
CIN70,ESPL1
CIN70,CCNB2
CIN70,FEN1
CIN70,TTK
CIN70,CCT5
CIN70,RFC4
CIN70,ATAD2
CIN70,CKAP5
CIN70,NUP205
CIN70,CDC20
CIN70,CKS2
CIN70,RRM2
CIN70,ELAVL1
CIN70,CCNB1
CIN70,RRM1
CIN70,AURKB
CIN70,MSH6
CIN70,EZH2
CIN70,CTPS1
CIN70,DKC1
CIN70,OIP5
CIN70,CDCA8
CIN70,PTTG1
CIN70,CEP55
CIN70,H2AX
CIN70,CMAS
CIN70,NCAPH
CIN70,MCM10
CIN70,LSM4
CIN70,NCAPG2
CIN70,ASF1B
CIN70,ZWINT
CIN70,PBK
CIN70,ZWILCH
CIN70,CDCA3
CIN70,ECT2
CIN70,CDC6
CIN70,UNG
CIN70,MTCH2
CIN70,RAD21
CIN70,ACTL6A
CIN70,PDCD2L
CIN70,SRSF2
CIN70,HDGF
CIN70,NXT1
CIN70,NEK2
CIN70,DHCR7
CIN70,AURKA
CIN70,NDUFAB1
CIN70,NEMP1
CIN70,KIF4A
Severson,JAML
Severson,FAM241B
Severson,PIMREG
Severson,HIF1A
Severson,PLAAT1
Severson,IRAG2
Severson,ACOT7
Severson,ADAMTS1
Severson,AFF3
Severson,ANLN
Severson,APOBEC3B
Severson,ASPM
Severson,AURKB
Severson,BCL11A
Severson,BIRC5
Severson,BLM
Severson,BUB1
Severson,C16orf59
Severson,CASC5
Severson,CCNA2
Severson,CCNE1
Severson,CDC20
Severson,CDC25C
Severson,CDC45
Severson,CDCA2
Severson,CDK1
Severson,CENPA
Severson,CENPE
Severson,CENPF
Severson,CEP55
Severson,CHEK1
Severson,CIT
Severson,CLDN1
Severson,DEPDC1
Severson,DEPDC1B
Severson,DLGAP5
Severson,DTL
Severson,E2F1
Severson,EXO1
Severson,FANCA
Severson,FOXM1
Severson,GINS1
Severson,GRB7
Severson,HMMR
Severson,KIF11
Severson,KIF14
Severson,KIF15
Severson,KIF2C
Severson,KIFC1
Severson,KPNA2
Severson,MELK
Severson,MKI67
Severson,MLF1IP
Severson,MYBL2
Severson,NCAPG
Severson,NDC80
Severson,NEIL3
Severson,NUF2
Severson,PBK
Severson,PLK1
Severson,PLK4
Severson,POLQ
Severson,PRC1
Severson,RAD51
Severson,RAD51AP1
Severson,RAD54L
Severson,RRM2
Severson,SHCBP1
Severson,SKA1
Severson,SPC25
Severson,SPAG5
Severson,TK1
Severson,TOP2A
Severson,TPX2
Severson,TRIP13
Severson,TTK
Severson,UBE2T
Peng2014,MCMBP
Peng2014,FAM170B
Peng2014,DDIAS
Peng2014,SKA3
Peng2014,CEP128
Peng2014,TICRR
Peng2014,TEDC2
Peng2014,METTL22
Peng2014,ATAD5
Peng2014,KIZ
Peng2014,ISM1
Peng2014,SMIM14
Peng2014,SNHG32
Peng2014,DSCC1
Peng2014,DEFB1
Peng2014,DDX39A
Peng2014,HJURP
Peng2014,DLGAP5
Peng2014,DNA2
Peng2014,RETREG1
Peng2014,H1-2
Peng2014,H2BC5
Peng2014,H2AC18
Peng2014,H2BC21
Peng2014,HSP90AA2P
Peng2014,CREBRF
Peng2014,VWA5A
Peng2014,ETFRF1
Peng2014,CENPU
Peng2014,MTARC1
Peng2014,BEX3
Peng2014,LRR1
Peng2014,SRSF2
Peng2014,EPB41L4A-AS1
Peng2014,SLC35G1
Peng2014,TUBB4B
Peng2014,TUBB7P
Peng2014,WRAP53
Peng2014,BLM
Peng2014,EXO1
Peng2014,RAD51
Peng2014,BRCA1
Peng2014,BRCA2
Peng2014,FANCA
Peng2014,FANCD2
Peng2014,FANCI
Peng2014,TTK
Peng2014,CHEK1
Peng2014,CHEK2
Peng2014,CDC25A
Peng2014,CDC25C
Peng2014,CDK1
Peng2014,CDK2
Peng2014,CCNA2
Peng2014,CCNB1
Peng2014,CCNB2
Peng2014,CCNE1
Peng2014,MCM2
Peng2014,MCM3
Peng2014,MCM4
Peng2014,MCM5
Peng2014,MCM6
Peng2014,MCM7
Peng2014,MCM10
Peng2014,ORC1
Peng2014,ORC6
Peng2014,CDC6
Peng2014,CDC45
Peng2014,CDT1
Peng2014,PCNA
Peng2014,RPA1
Peng2014,RPA2
Peng2014,RPA3
Peng2014,RFC1
Peng2014,RFC2
Peng2014,RFC3
Peng2014,RFC4
Peng2014,RFC5
Peng2014,FEN1
Peng2014,LIG1
Peng2014,POLE
Peng2014,POLD1
Peng2014,POLD2
Peng2014,PRIM1
Peng2014,PRIM2
Peng2014,POLQ
Peng2014,RAD51AP1
Peng2014,RAD51B
Peng2014,RAD51C
Peng2014,RAD51D
Peng2014,XRCC2
Peng2014,XRCC3
Peng2014,NBN
Peng2014,MRE11
Peng2014,RAD50
Peng2014,TOP2A
Peng2014,AURKB
Peng2014,AURKA
Peng2014,PLK1
Peng2014,BUB1
Peng2014,BUB1B
Peng2014,MAD2L1
Peng2014,NDC80
Peng2014,NUF2
Peng2014,SPC25
Peng2014,CENPA
Peng2014,CENPF
Peng2014,CENPE
Peng2014,KIF11
Peng2014,KIF2C
Peng2014,KIF4A
Peng2014,KIF14
Peng2014,KIF15
Peng2014,KIF20A
Peng2014,KIF23
Peng2014,BIRC5
Peng2014,PTTG1
Peng2014,UBE2C
Peng2014,ESPL1
Peng2014,ANLN
Peng2014,PRC1
Peng2014,ECT2
Peng2014,CEP55
Peng2014,CDCA3
Peng2014,CDCA5
Peng2014,CDCA8
Peng2014,DEPDC1
Peng2014,DEPDC1B
Peng2014,ASPM
Peng2014,MELK
Peng2014,TPX2
Peng2014,FOXM1
Peng2014,E2F1
Peng2014,E2F8
Peng2014,MYBL2
Peng2014,MKI67
Peng2014,TK1
Peng2014,RRM1
Peng2014,RRM2
Peng2014,TYMS
Peng2014,DHFR
Peng2014,GMPS
Peng2014,CTPS1
Peng2014,UMPS
Peng2014,CAD
Peng2014,RNASEH2A
Peng2014,NEIL3
Peng2014,UNG
Peng2014,POLE2
Peng2014,MSH2
Peng2014,MSH6
Peng2014,MLH1
Peng2014,PMS2
Peng2014,HMGA1
Peng2014,HMGA2
Peng2014,UHRF1
Peng2014,DNMT1
Peng2014,EZH2
Peng2014,SUV39H1
Peng2014,H2AX
Peng2014,NCAPH
Peng2014,NCAPG
Peng2014,NCAPG2
Peng2014,SMC2
Peng2014,SMC4
Peng2014,STAG1
Peng2014,HMMR
Peng2014,SPAG5
Peng2014,DTL
Peng2014,ZWINT
Peng2014,PBK
Peng2014,NEK2
Peng2014,CKAP5
Peng2014,NUP205
Peng2014,GGH
Peng2014,SLC7A5
Peng2014,SHMT2
Peng2014,MTHFD1
Peng2014,MTHFD2
Peng2014,CKS1B
Peng2014,CKS2
Peng2014,CDKN3
Peng2014,CCND1
Peng2014,RB1
Peng2014,TP53
Peng2014,MDM2
Peng2014,GADD45A
Peng2014,GADD45G
Peng2014,DDIT3
Peng2014,SESN1
Peng2014,SESN2
Peng2014,ATR
Peng2014,ATM
Peng2014,ATRIP
Peng2014,TOPBP1
Peng2014,CLSPN
Peng2014,CLASPIN
Peng2014,TIMELESS
Peng2014,TIPIN
Peng2014,H2AFX
Peng2014,H2AFZ
Peng2014,HIST1H4C
Peng2014,HIST2H2AC
Peng2014,SKA1
Peng2014,SKA2
Peng2014,SGOL1
Peng2014,SGOL2
Peng2014,ZWILCH
Peng2014,ZW10
Peng2014,MAD1L1
Peng2014,TACC3
Peng2014,HAUS6
Peng2014,TUBG1
Peng2014,TUBB
Peng2014,TUBA1B
Peng2014,TUBA1C
Peng2014,RACGAP1
Peng2014,KNL1
Peng2014,MIS18A
Peng2014,CENPK
Peng2014,CENPL
Peng2014,INCENP
Peng2014,CDCA2
Peng2014,TRIP13
Peng2014,ASF1B
Peng2014,CHAF1A
Peng2014,CHAF1B
Peng2014,NAP1L1
Peng2014,RBBP4
Peng2014,EXO5
Peng2014,ERCC6L
Peng2014,FANCC
Peng2014,FANCG
Peng2014,FANCL
Peng2014,FANCM
Peng2014,PALB2
Peng2014,WRN
Peng2014,RECQL4
Peng2014,RECQL5
Peng2014,GEN1
Peng2014,MUS81
Peng2014,EME1
Peng2014,SLX4
Multiscale,ACAT2
Multiscale,ALDH1B1
Multiscale,ALYREF
Multiscale,ASB7
Multiscale,BET1L
Multiscale,CD109
Multiscale,DCAF7
Multiscale,DHX36
Multiscale,FANCI
Multiscale,FOXK2
Multiscale,FRG1
Multiscale,IPO5
Multiscale,LARP6
Multiscale,MFGE8
Multiscale,MLLT11
Multiscale,POLG
Multiscale,RCCD1
Multiscale,RIC8A
Multiscale,RPTOR
Multiscale,SYK
Multiscale,UNC45A
Multiscale,USP13
Multiscale,ZNF592
Multiscale,BRCA1
Multiscale,BRCA2
Multiscale,RAD51
Multiscale,RAD51AP1
Multiscale,FANCA
Multiscale,FANCD2
Multiscale,EXO1
Multiscale,BLM
Multiscale,CHEK1
Multiscale,CHEK2
Multiscale,NBN
Multiscale,MRE11
Multiscale,RAD50
Multiscale,ATR
Multiscale,ATM
Multiscale,PALB2
Multiscale,RAD51C
Multiscale,CDK1
Multiscale,CCNA2
Multiscale,CCNB1
Multiscale,CCNB2
Multiscale,CCNE1
Multiscale,CDC20
Multiscale,CDC25C
Multiscale,CDC45
Multiscale,E2F1
Multiscale,PLK1
Multiscale,AURKA
Multiscale,AURKB
Multiscale,BUB1
Multiscale,MAD2L1
Multiscale,TTK
Multiscale,MKI67
Multiscale,MCM2
Multiscale,MCM7
Multiscale,MCM10
Multiscale,PCNA
Multiscale,TOP2A
Multiscale,NCAPH
Multiscale,NCAPG2
Multiscale,RRM2
Multiscale,TYMS
Multiscale,POLA1
Multiscale,POLE
Multiscale,POLD1
Multiscale,POLQ
Multiscale,HMMR
Multiscale,CENPA
Multiscale,CENPF
Multiscale,KIF11
Multiscale,KIF14
Multiscale,KIF2C
Multiscale,TPX2
Multiscale,PRC1
Multiscale,FOXM1
Multiscale,MELK
Multiscale,BIRC5
Multiscale,NEK2
Multiscale,PBK
Multiscale,ASPM
Multiscale,MYBL2
Multiscale,DEPDC1
Multiscale,DLGAP5
Multiscale,SPAG5
Multiscale,CEP55
Multiscale,ANLN
Multiscale,UBE2C
Multiscale,ECT2
Multiscale,CDCA3
Multiscale,CDCA8
Multiscale,ESPL1
Multiscale,TK1
Multiscale,FEN1
Multiscale,RFC4
Multiscale,RRM1
Multiscale,GRB7
Multiscale,ERBB2
Multiscale,ESR1
Multiscale,PGR
Multiscale,DHCR7
Multiscale,SQLE
Multiscale,FDFT1
Multiscale,HMGA1
Multiscale,UHRF1
Multiscale,DNMT1
Multiscale,EZH2
Multiscale,GADD45A
Multiscale,SESN1
Multiscale,DDIT3
Konst.BRCAness,DAD1
Konst.BRCAness,RAD21
Konst.BRCAness,LDHA
Konst.BRCAness,SPARC
Konst.BRCAness,SKP1
Konst.BRCAness,PPP1CC
Konst.BRCAness,RAN
Konst.BRCAness,USP9X
Konst.BRCAness,ECHS1
Konst.BRCAness,GNAI3
Konst.BRCAness,HDAC1
Konst.BRCAness,LGMN
Konst.BRCAness,CYR61
Konst.BRCAness,SH3BGRL
Konst.BRCAness,MGST3
Konst.BRCAness,RCN2
Konst.BRCAness,SMC1A
Konst.BRCAness,BST2
Konst.BRCAness,ENG
Konst.BRCAness,SRGN
Konst.BRCAness,GBP1
Konst.BRCAness,UNC119B
Konst.BRCAness,RGS1
Konst.BRCAness,CDC2
Konst.BRCAness,SAT1
Konst.BRCAness,GGH
Konst.BRCAness,GUCY1B3
Konst.BRCAness,WFDC2
Konst.BRCAness,NMI
Konst.BRCAness,PRAME
Konst.BRCAness,CCL4
Konst.BRCAness,MGST2
Konst.BRCAness,MMP7
Konst.BRCAness,SNCA
Konst.BRCAness,VTN
Konst.BRCAness,ALPP
Konst.BRCAness,MTAP
Konst.BRCAness,IDUA
Konst.BRCAness,SERPINF2
Konst.BRCAness,WAS
Konst.BRCAness,CD1D
Konst.BRCAness,GFI1
Konst.BRCAness,S100A10
Konst.BRCAness,SEMA3F
Konst.BRCAness,TNF
Konst.BRCAness,ROS1
Konst.BRCAness,MADCAM1
Konst.BRCAness,PDIA4
Konst.BRCAness,HMGN2
Konst.BRCAness,HLA-B
Konst.BRCAness,TM9SF1
Konst.BRCAness,CCDC93
Konst.BRCAness,APEX1
Konst.BRCAness,VEGFA
Konst.BRCAness,POSTN
Konst.BRCAness,PSTPIP1
Konst.BRCAness,PMS1
Konst.BRCAness,HLA-A
Konst.BRCAness,PCTP
Konst.BRCAness,SEH1L
softHRD,ACAT2
softHRD,ALDH1B1
softHRD,ALYREF
softHRD,ASB7
softHRD,BET1L
softHRD,CD109
softHRD,DCAF7
softHRD,DHX36
softHRD,FANCI
softHRD,FOXK2
softHRD,FRG1
softHRD,IPO5
softHRD,LARP6
softHRD,MFGE8
softHRD,MLLT11
softHRD,POLG
softHRD,RCCD1
softHRD,RIC8A
softHRD,RPTOR
softHRD,SYK
softHRD,UNC45A
softHRD,USP13
softHRD,ZNF592
softHRD,C1orf112
softHRD,DPM1
softHRD,SCYL3
softHRD,FUCA2
softHRD,NFYA
softHRD,LAS1L
softHRD,SEMA3F
softHRD,BAD
softHRD,LAP3
softHRD,BRCA1
softHRD,BRCA2
softHRD,RAD51
softHRD,CHEK1
softHRD,CDK1
softHRD,CCNA2
softHRD,CCNB1
softHRD,TOP2A
softHRD,AURKA
softHRD,MKI67
softHRD,PLK1
softHRD,BUB1
softHRD,PCNA
softHRD,RRM2
softHRD,FOXM1
softHRD,TPX2
softHRD,MELK
softHRD,EXO1
softHRD,BIRC5
softHRD,CDC20
softHRD,CEP55
softHRD,CENPA
softHRD,CENPF
softHRD,KIF11
softHRD,KIF2C
softHRD,ASPM
softHRD,HMMR
softHRD,SPAG5
softHRD,NEK2
softHRD,PBK
softHRD,TTK
softHRD,AURKB
softHRD,MAD2L1
softHRD,ESPL1
softHRD,UBE2C
softHRD,PRC1
softHRD,ANLN
softHRD,ECT2
softHRD,CDCA8
softHRD,BLM
softHRD,TYMS
softHRD,EZH2
softHRD,POLQ
softHRD,MYBL2
softHRD,E2F1
softHRD,NCAPH
softHRD,NCAPG2
softHRD,RAD51AP1
softHRD,FEN1
softHRD,TK1
softHRD,DEPDC1
softHRD,DLGAP5
softHRD,GRB7
softHRD,ERBB2
softHRD,DTL
softHRD,KIF14
softHRD,KIF15
softHRD,KIF20A
softHRD,KIF4A
softHRD,KIFC1
softHRD,MCM2
softHRD,MCM7
softHRD,CDC45
softHRD,CDC6
softHRD,CDC25C
softHRD,HMGA1
softHRD,UHRF1
softHRD,DNMT1
softHRD,DHCR7
softHRD,SQLE
softHRD,GADD45A
softHRD,H2AX
softHRD,ZWINT
softHRD,RFC4
softHRD,NDC80
softHRD,NUF2
softHRD,SPC25
Beinse2022,BRCA1
Beinse2022,BRCA2
Beinse2022,RAD51
Beinse2022,FANCA
Beinse2022,FANCD2
Beinse2022,EXO1
Beinse2022,BLM
Beinse2022,CHEK1
Beinse2022,ATR
Beinse2022,CDK1
Beinse2022,CCNA2
Beinse2022,CCNB1
Beinse2022,CCNE1
Beinse2022,CDC20
Beinse2022,PLK1
Beinse2022,AURKA
Beinse2022,AURKB
Beinse2022,MKI67
Beinse2022,TOP2A
Beinse2022,MCM2
Beinse2022,MCM7
Beinse2022,PCNA
Beinse2022,RRM2
Beinse2022,TYMS
Beinse2022,FEN1
Beinse2022,RFC4
Beinse2022,CENPA
Beinse2022,CENPF
Beinse2022,KIF11
Beinse2022,KIF2C
Beinse2022,TPX2
Beinse2022,PRC1
Beinse2022,FOXM1
Beinse2022,MELK
Beinse2022,BIRC5
Beinse2022,TTK
Beinse2022,BUB1
Beinse2022,MAD2L1
Beinse2022,NDC80
Beinse2022,UBE2C
Beinse2022,ANLN
Beinse2022,CEP55
Beinse2022,ASPM
Beinse2022,NEK2
Beinse2022,VIM
Beinse2022,FN1
Beinse2022,COL1A1
Beinse2022,COL3A1
Beinse2022,SPARC
Beinse2022,POSTN
Beinse2022,MMP2
Beinse2022,ACTA2
Beinse2022,TAGLN
Beinse2022,DCN
Beinse2022,LUM
Beinse2022,BGN
Beinse2022,THBS2
Beinse2022,FAP
Beinse2022,PDGFRB
Beinse2022,NOTCH3
Beinse2022,THY1
Beinse2022,CAV1
Beinse2022,CDH11
Beinse2022,SNAI2
Beinse2022,ZEB1
Beinse2022,TWIST1
Beinse2022,CD44
Beinse2022,ESR1
Beinse2022,PGR
Beinse2022,GATA3
Beinse2022,FOXA1
Beinse2022,TFF1
Beinse2022,TFF3
POLQ,POLQ
expHRD,BRCA1
expHRD,BRCA2
expHRD,RAD51
expHRD,FANCA
expHRD,FANCD2
expHRD,FANCI
expHRD,EXO1
expHRD,BLM
expHRD,CHEK1
expHRD,ATR
expHRD,ATM
expHRD,NBN
expHRD,MRE11
expHRD,RAD50
expHRD,PALB2
expHRD,CDK1
expHRD,CCNA2
expHRD,CCNB1
expHRD,CCNB2
expHRD,CCNE1
expHRD,CDC20
expHRD,CDC25C
expHRD,CDC45
expHRD,PLK1
expHRD,AURKA
expHRD,AURKB
expHRD,BUB1
expHRD,MAD2L1
expHRD,TTK
expHRD,MKI67
expHRD,TOP2A
expHRD,MCM2
expHRD,MCM7
expHRD,MCM10
expHRD,PCNA
expHRD,RRM2
expHRD,TYMS
expHRD,FEN1
expHRD,CENPA
expHRD,CENPF
expHRD,KIF11
expHRD,TPX2
expHRD,FOXM1
expHRD,MELK
expHRD,BIRC5
expHRD,POLQ
expHRD,ASPM
expHRD,NEK2
expHRD,PBK
expHRD,CEP55
expHRD,ANLN
expHRD,UBE2C
expHRD,PRC1
expHRD,HMMR
expHRD,SPAG5
expHRD,DLGAP5
expHRD,DEPDC1
expHRD,MYBL2
expHRD,E2F1
expHRD,EZH2
expHRD,UHRF1
expHRD,DNMT1
expHRD,HMGA1
expHRD,NCAPH
expHRD,NCAPG2
expHRD,SMC2
expHRD,SMC4
expHRD,H2AX
expHRD,RAD51AP1
expHRD,RAD51C
expHRD,XRCC2
PanHRD200,BRCA1
PanHRD200,RAD51
PanHRD200,EXO1
PanHRD200,BLM
PanHRD200,CHEK1
PanHRD200,FANCA
PanHRD200,FANCD2
PanHRD200,CDK1
PanHRD200,CCNA2
PanHRD200,CCNB1
PanHRD200,CCNE1
PanHRD200,CDC20
PanHRD200,PLK1
PanHRD200,AURKA
PanHRD200,AURKB
PanHRD200,MKI67
PanHRD200,TOP2A
PanHRD200,MCM2
PanHRD200,PCNA
PanHRD200,RRM2
PanHRD200,TYMS
PanHRD200,CENPA
PanHRD200,CENPF
PanHRD200,KIF11
PanHRD200,TPX2
PanHRD200,PRC1
PanHRD200,FOXM1
PanHRD200,MELK
PanHRD200,BIRC5
PanHRD200,TTK
PanHRD200,BUB1
PanHRD200,MAD2L1
PanHRD200,ASPM
PanHRD200,NEK2
PanHRD200,CEP55
PanHRD200,ANLN
PanHRD200,UBE2C
PanHRD200,POLQ
PanHRD200,HMMR
PanHRD200,MYBL2
PanHRD200,E2F1
PanHRD200,DEPDC1
PanHRD200,DLGAP5
PanHRD200,SPAG5
PanHRD200,ESR1
PanHRD200,PGR
PanHRD200,GATA3
PanHRD200,FOXA1
ProHRDness,BRCA1
ProHRDness,BRCA2
ProHRDness,RAD51
ProHRDness,ATM
ProHRDness,ATR
ProHRDness,CHEK1
ProHRDness,CHEK2
ProHRDness,FANCA
ProHRDness,FANCD2
ProHRDness,PALB2
ProHRDness,CDK12
ProHRDness,RAD51C
ProHRDness,RAD51B
ProHRDness,RAD51D
ProHRDness,POLQ
ProHRDness,RPA1
