patient,sample,gene,mutation_type,variant_class,protein_change,mutation_status
TCGA-3C-AALI,TCGA-3C-AALI-01,PALB2,Missense_Mutation,SNP,L381V,.
TCGA-A1-A0SH,TCGA-A1-A0SH-01,BRCA1,Nonsense_Mutation,SNP,Q934*,.
TCGA-A1-A0SI,TCGA-A1-A0SI-01,BRCA1,Missense_Mutation,SNP,E9Q,.
TCGA-A1-A0SO,TCGA-A1-A0SO-01,BRCA1,Splice_Site,SNP,X27_splice,.
TCGA-A2-A04P,TCGA-A2-A04P-01,BRCA2,Missense_Mutation,SNP,Q3206E,.
TCGA-A2-A0SU,TCGA-A2-A0SU-01,BRCA2,Nonsense_Mutation,SNP,Y3308*,.
TCGA-A2-A0T0,TCGA-A2-A0T0-01,BRCA2,Nonsense_Mutation,SNP,L2926*,.
TCGA-A2-A25B,TCGA-A2-A25B-01,BRCA1,Nonsense_Mutation,SNP,E720*,.
TCGA-A2-A4S2,TCGA-A2-A4S2-01,PALB2,Missense_Mutation,SNP,G115E,.
TCGA-A7-A26H,TCGA-A7-A26H-01,BRCA1,Frame_Shift_Del,DEL,T688Vfs*12,.
TCGA-A7-A6VW,TCGA-A7-A6VW-01,BRCA1,Frame_Shift_Del,DEL,C903Wfs*97,.
TCGA-A8-A06X,TCGA-A8-A06X-01,BRCA1,Nonsense_Mutation,SNP,E272*,.
TCGA-A8-A07I,TCGA-A8-A07I-01,BRCA2,Missense_Mutation,SNP,D1355Y,.
TCGA-A8-A085,TCGA-A8-A085-01,BRCA2,Frame_Shift_Del,DEL,E260Sfs*15,.
TCGA-A8-A08B,TCGA-A8-A08B-01,BRCA2,In_Frame_Del,DEL,V1270del,.
TCGA-A8-A08L,TCGA-A8-A08L-01,BRCA2,Splice_Site,SNP,X2602_splice,.
TCGA-A8-A0A7,TCGA-A8-A0A7-01,BRCA2,Missense_Mutation,SNP,E3175K,.
TCGA-AC-A23H,TCGA-AC-A23H-01,BRCA2,Missense_Mutation,SNP,D1033H,.
TCGA-AC-A23H,TCGA-AC-A23H-01,BRCA2,Missense_Mutation,SNP,D687H,.
TCGA-AN-A046,TCGA-AN-A046-01,BRCA1,Missense_Mutation,SNP,L1098I,.
TCGA-AN-A046,TCGA-AN-A046-01,BRCA2,Missense_Mutation,SNP,E3342K,.
TCGA-AN-A046,TCGA-AN-A046-01,BRCA2,Missense_Mutation,SNP,K985I,.
TCGA-AN-A0AT,TCGA-AN-A0AT-01,BRCA2,Missense_Mutation,SNP,E2650Q,.
TCGA-AN-A0XU,TCGA-AN-A0XU-01,BRCA1,Missense_Mutation,SNP,G1788V,.
TCGA-AN-A0XW,TCGA-AN-A0XW-01,BRCA2,Missense_Mutation,SNP,P527T,.
TCGA-AO-A03M,TCGA-AO-A03M-01,PALB2,Missense_Mutation,SNP,E53K,.
TCGA-AO-A0J4,TCGA-AO-A0J4-01,BRCA1,Missense_Mutation,SNP,V83F,.
TCGA-AO-A124,TCGA-AO-A124-01,BRCA2,Missense_Mutation,SNP,C3304S,.
TCGA-AO-A1KR,TCGA-AO-A1KR-01,BRCA1,In_Frame_Del,DEL,C644del,.
TCGA-AR-A0U4,TCGA-AR-A0U4-01,BRCA1,Frame_Shift_Ins,INS,N1121Kfs*12,.
TCGA-AR-A1AI,TCGA-AR-A1AI-01,BRCA2,Missense_Mutation,SNP,R2336C,.
TCGA-B6-A0X1,TCGA-B6-A0X1-01,BRCA1,Frame_Shift_Del,DEL,E23Sfs*8,.
TCGA-BH-A0DS,TCGA-BH-A0DS-01,BRCA1,Missense_Mutation,SNP,Q1811L,.
TCGA-BH-A0HF,TCGA-BH-A0HF-01,BRCA2,Missense_Mutation,SNP,S879F,.
TCGA-BH-A0HW,TCGA-BH-A0HW-01,RAD51,Missense_Mutation,SNP,L218R,.
TCGA-BH-A0WA,TCGA-BH-A0WA-01,BRCA1,Splice_Site,SNP,X1559_splice,.
TCGA-BH-A1FN,TCGA-BH-A1FN-01,RAD51,Missense_Mutation,SNP,F86L,.
TCGA-BH-A203,TCGA-BH-A203-01,PALB2,Nonsense_Mutation,SNP,Q1146*,.
TCGA-BH-A2L8,TCGA-BH-A2L8-01,BRCA1,Missense_Mutation,SNP,D1578H,.
TCGA-C8-A12T,TCGA-C8-A12T-01,BRCA1,Missense_Mutation,SNP,D1344H,.
TCGA-C8-A12T,TCGA-C8-A12T-01,BRCA2,Missense_Mutation,SNP,E3177Q,.
TCGA-C8-A26Y,TCGA-C8-A26Y-01,PALB2,Missense_Mutation,SNP,D234N,.
TCGA-C8-A278,TCGA-C8-A278-01,BRCA2,Missense_Mutation,SNP,N2019K,.
TCGA-D8-A1JP,TCGA-D8-A1JP-01,BRCA2,Frame_Shift_Del,DEL,L1965Ffs*39,.
TCGA-D8-A1XL,TCGA-D8-A1XL-01,BRCA2,Frame_Shift_Del,DEL,E1646Kfs*24,.
TCGA-D8-A27G,TCGA-D8-A27G-01,BRCA2,Missense_Mutation,SNP,E2175Q,.
TCGA-D8-A27M,TCGA-D8-A27M-01,BRCA1,In_Frame_Del,DEL,R1589_A1615del,.
TCGA-D8-A27V,TCGA-D8-A27V-01,BRCA2,Frame_Shift_Del,DEL,K936Nfs*24,.
TCGA-E2-A14W,TCGA-E2-A14W-01,BRCA2,Frame_Shift_Del,DEL,S599*,.
TCGA-E2-A1BD,TCGA-E2-A1BD-01,BRCA1,Missense_Mutation,SNP,D2E,.
TCGA-E2-A1L9,TCGA-E2-A1L9-01,BRCA1,Missense_Mutation,SNP,S1027I,.
TCGA-E9-A1NC,TCGA-E9-A1NC-01,BRCA1,Nonsense_Mutation,SNP,Q139*,.
TCGA-E9-A1R2,TCGA-E9-A1R2-01,BRCA2,Frame_Shift_Del,DEL,V2151Ffs*17,.
TCGA-E9-A3HO,TCGA-E9-A3HO-01,BRCA2,Frame_Shift_Del,DEL,K437Ifs*22,.
TCGA-E9-A54Y,TCGA-E9-A54Y-01,BRCA2,Missense_Mutation,SNP,G2743D,.
TCGA-EW-A1PE,TCGA-EW-A1PE-01,BRCA2,Missense_Mutation,SNP,E1158Q,.
TCGA-EW-A1PE,TCGA-EW-A1PE-01,BRCA2,Missense_Mutation,SNP,K1191N,.
TCGA-EW-A2FR,TCGA-EW-A2FR-01,BRCA1,Missense_Mutation,SNP,D366N,.
TCGA-GM-A2D9,TCGA-GM-A2D9-01,BRCA1,Missense_Mutation,SNP,S915C,.
TCGA-GM-A2DH,TCGA-GM-A2DH-01,PALB2,Missense_Mutation,SNP,G971R,.
TCGA-LD-A74U,TCGA-LD-A74U-01,BRCA2,Missense_Mutation,SNP,E3167Q,.
TCGA-LL-A5YP,TCGA-LL-A5YP-01,BRCA1,Missense_Mutation,SNP,D96H,.
TCGA-LL-A73Y,TCGA-LL-A73Y-01,BRCA2,Missense_Mutation,SNP,D596N,.
TCGA-LL-A8F5,TCGA-LL-A8F5-01,BRCA1,Nonsense_Mutation,SNP,Q1408*,.
TCGA-OL-A5D6,TCGA-OL-A5D6-01,PALB2,Missense_Mutation,SNP,S201N,.
TCGA-PE-A5DE,TCGA-PE-A5DE-01,BRCA1,Missense_Mutation,SNP,E1419K,.
TCGA-S3-AA15,TCGA-S3-AA15-01,BRCA1,Nonsense_Mutation,SNP,E1329*,.
TCGA-S3-AA17,TCGA-S3-AA17-01,BRCA2,In_Frame_Del,DEL,F3090_N3099delinsY,.
